<keymap version="1" name="macOS Jon" parent="Mac OS X 10.5+">
  <action id="ActivateFindToolWindow" />
  <action id="ActivateProjectToolWindow">
    <keyboard-shortcut first-keystroke="meta 1" />
    <keyboard-shortcut first-keystroke="meta ampersand" />
  </action>
  <action id="ActivateVersionControlToolWindow">
    <keyboard-shortcut first-keystroke="meta 9" />
    <keyboard-shortcut first-keystroke="meta #10000e7" />
  </action>
  <action id="Android.SyncProject">
    <keyboard-shortcut first-keystroke="ctrl meta s" />
  </action>
  <action id="CloseAllEditors">
    <keyboard-shortcut first-keystroke="shift meta w" />
  </action>
  <action id="CloseAllEditorsButActive">
    <keyboard-shortcut first-keystroke="shift ctrl meta w" />
  </action>
  <action id="CloseAllNotifications">
    <keyboard-shortcut first-keystroke="ctrl meta back_space" />
  </action>
  <action id="CommentByBlockComment">
    <keyboard-shortcut first-keystroke="meta alt slash" />
    <keyboard-shortcut first-keystroke="meta alt divide" />
    <keyboard-shortcut first-keystroke="shift ctrl slash" />
    <keyboard-shortcut first-keystroke="shift ctrl divide" />
    <keyboard-shortcut first-keystroke="shift meta divide" />
    <keyboard-shortcut first-keystroke="shift meta divide" />
    <keyboard-shortcut first-keystroke="shift meta colon" />
  </action>
  <action id="CommentByLineComment">
    <keyboard-shortcut first-keystroke="meta slash" />
    <keyboard-shortcut first-keystroke="meta divide" />
    <keyboard-shortcut first-keystroke="meta colon" />
  </action>
  <action id="Debugger.AddToWatch">
    <keyboard-shortcut first-keystroke="ctrl meta w" />
  </action>
  <action id="EditorSortLines">
    <keyboard-shortcut first-keystroke="ctrl meta z" />
  </action>
  <action id="FileChooser.GotoModule" />
  <action id="FileChooser.LightEditGotoOpenedFile">
    <keyboard-shortcut first-keystroke="meta quote" />
  </action>
  <action id="Git.Branches">
    <keyboard-shortcut first-keystroke="ctrl meta b" />
  </action>
  <action id="Git.CompareWithBranch">
    <keyboard-shortcut first-keystroke="ctrl meta c" />
  </action>
  <action id="Git.Pull">
    <keyboard-shortcut first-keystroke="ctrl meta p" />
  </action>
  <action id="Images.Editor.ToggleGrid" />
  <action id="ManageRecentProjects">
    <keyboard-shortcut first-keystroke="ctrl meta o" />
  </action>
  <action id="MethodDown">
    <keyboard-shortcut first-keystroke="ctrl meta alt down" />
  </action>
  <action id="MethodUp">
    <keyboard-shortcut first-keystroke="ctrl up" />
    <keyboard-shortcut first-keystroke="ctrl meta alt up" />
  </action>
  <action id="NextEditorTab" />
  <action id="PreviousEditorTab" />
  <action id="RebuildGradleProject">
    <keyboard-shortcut first-keystroke="ctrl meta x" />
  </action>
  <action id="RevealIn">
    <keyboard-shortcut first-keystroke="ctrl meta v" />
  </action>
  <action id="SplitVertically">
    <keyboard-shortcut first-keystroke="ctrl meta right" />
  </action>
  <action id="TogglePresentationMode">
    <keyboard-shortcut first-keystroke="meta quotedbl" />
    <keyboard-shortcut first-keystroke="meta 3" />
  </action>
  <action id="ToggleZenMode">
    <keyboard-shortcut first-keystroke="meta #10000e9" />
  </action>
  <action id="Unsplit">
    <keyboard-shortcut first-keystroke="ctrl meta left" />
  </action>
  <action id="android.deploy.ApplyChanges">
    <keyboard-shortcut first-keystroke="ctrl meta e" />
  </action>
  <action id="android.deploy.CodeSwap">
    <keyboard-shortcut first-keystroke="shift ctrl meta e" />
  </action>
</keymap>