<application>
  <component name="ExportableFileTemplateSettings">
    <default_templates>
      <template name="Kotlin Manager Package.kt" file-name="${FEATURE}/${NAME}" reformat="true" live-template-enabled="false">
        <template name="Kotlin Manager Package.kt.child.0.kt" file-name="${FEATURE}/${NAME}Module" reformat="true" live-template-enabled="false" />
        <template name="Kotlin Manager Package.kt.child.1.kt" file-name="${FEATURE}/${NAME}Impl" reformat="true" live-template-enabled="false" />
      </template>
      <template name="Kotlin Manager Package.kt.child.0.kt" file-name="${FEATURE}/${NAME}Module" reformat="true" live-template-enabled="false" />
      <template name="Kotlin Manager Package.kt.child.1.kt" file-name="${FEATURE}/${NAME}Impl" reformat="true" live-template-enabled="false" />
      <template name="Kotlin Screen Package.kt" file-name="${FEATURE}/${NAME}" reformat="true" live-template-enabled="false">
        <template name="Kotlin Screen Package.kt.child.0.kt" file-name="${FEATURE}/${NAME}Model" reformat="true" live-template-enabled="false" />
        <template name="Kotlin Screen Package.kt.child.1.kt" file-name="${FEATURE}/${NAME}Module" reformat="true" live-template-enabled="false" />
        <template name="Kotlin Screen Package.kt.child.2.kt" file-name="${FEATURE}/${NAME}Presenter" reformat="true" live-template-enabled="false" />
        <template name="Kotlin Screen Package.kt.child.3.kt" file-name="${FEATURE}/${NAME}Manager" reformat="true" live-template-enabled="false" />
        <template name="Kotlin Screen Package.kt.child.4.kt" file-name="${FEATURE}/${NAME}ManagerImpl" reformat="true" live-template-enabled="false" />
        <template name="Kotlin Screen Package.kt.child.5.kt" file-name="${FEATURE}/${NAME}Contract" reformat="true" live-template-enabled="false" />
      </template>
      <template name="Kotlin Screen Package.kt.child.0.kt" file-name="${FEATURE}/${NAME}Model" reformat="true" live-template-enabled="false" />
      <template name="Kotlin Screen Package.kt.child.1.kt" file-name="${FEATURE}/${NAME}Module" reformat="true" live-template-enabled="false" />
      <template name="Kotlin Screen Package.kt.child.2.kt" file-name="${FEATURE}/${NAME}Presenter" reformat="true" live-template-enabled="false" />
      <template name="Kotlin Screen Package.kt.child.3.kt" file-name="${FEATURE}/${NAME}Manager" reformat="true" live-template-enabled="false" />
      <template name="Kotlin Screen Package.kt.child.4.kt" file-name="${FEATURE}/${NAME}ManagerImpl" reformat="true" live-template-enabled="false" />
      <template name="Kotlin Screen Package.kt.child.5.kt" file-name="${FEATURE}/${NAME}Contract" reformat="true" live-template-enabled="false" />
      <template name="Kotlin View Package.kt" file-name="${FEATURE}/${NAME}" reformat="true" live-template-enabled="false">
        <template name="Kotlin View Package.kt.child.0.kt" file-name="${FEATURE}/${NAME}Contract" reformat="true" live-template-enabled="false" />
        <template name="Kotlin View Package.kt.child.1.kt" file-name="${FEATURE}/${NAME}Presenter" reformat="true" live-template-enabled="false" />
      </template>
      <template name="Kotlin View Package.kt.child.0.kt" file-name="${FEATURE}/${NAME}Contract" reformat="true" live-template-enabled="false" />
      <template name="Kotlin View Package.kt.child.1.kt" file-name="${FEATURE}/${NAME}Presenter" reformat="true" live-template-enabled="false" />
      <template name="Kotlin View Row Package.kt" file-name="${FEATURE}/${NAME}" reformat="true" live-template-enabled="false">
        <template name="Kotlin View Row Package.kt.child.0.kt" file-name="${FEATURE}/${NAME}Contract" reformat="true" live-template-enabled="false" />
        <template name="Kotlin View Row Package.kt.child.1.kt" file-name="${FEATURE}/${NAME}Presenter" reformat="true" live-template-enabled="false" />
        <template name="Kotlin View Row Package.kt.child.2.kt" file-name="${FEATURE}/${NAME}AdapterDelegate" reformat="true" live-template-enabled="false" />
        <template name="Kotlin View Row Package.kt.child.3.kt" file-name="${FEATURE}/${NAME}Model" reformat="true" live-template-enabled="false" />
      </template>
      <template name="Kotlin View Row Package.kt.child.0.kt" file-name="${FEATURE}/${NAME}Contract" reformat="true" live-template-enabled="false" />
      <template name="Kotlin View Row Package.kt.child.1.kt" file-name="${FEATURE}/${NAME}Presenter" reformat="true" live-template-enabled="false" />
      <template name="Kotlin View Row Package.kt.child.2.kt" file-name="${FEATURE}/${NAME}AdapterDelegate" reformat="true" live-template-enabled="false" />
      <template name="Kotlin View Row Package.kt.child.3.kt" file-name="${FEATURE}/${NAME}Model" reformat="true" live-template-enabled="false" />
    </default_templates>
  </component>
</application>