<application>
  <component name="ExportableFileTemplateSettings">
    <default_templates>
      <template name="Kotlin Manager Package.kt" file-name="${NAME}/${StringUtils.removeAndHump(${NAME}, &quot;_&quot;)}Manager" reformat="true" live-template-enabled="false">
        <template name="Kotlin Manager Package.kt.child.0.kt" file-name="${NAME}/${StringUtils.removeAndHump(${NAME}, &quot;_&quot;)}Module" reformat="true" live-template-enabled="false" />
        <template name="Kotlin Manager Package.kt.child.1.kt" file-name="${NAME}/${StringUtils.removeAndHump(${NAME}, &quot;_&quot;)}ManagerImpl" reformat="true" live-template-enabled="false" />
      </template>
      <template name="Kotlin Manager Package.kt.child.0.kt" file-name="${NAME}/${StringUtils.removeAndHump(${NAME}, &quot;_&quot;)}Module" reformat="true" live-template-enabled="false" />
      <template name="Kotlin Manager Package.kt.child.1.kt" file-name="${NAME}/${StringUtils.removeAndHump(${NAME}, &quot;_&quot;)}ManagerImpl" reformat="true" live-template-enabled="false" />
      <template name="Kotlin Screen Package.kt" file-name="${NAME}/${StringUtils.removeAndHump(${NAME}, &quot;_&quot;)}" reformat="true" live-template-enabled="false">
        <template name="Kotlin Screen Package.kt.child.0.kt" file-name="${NAME}/${StringUtils.removeAndHump(${NAME}, &quot;_&quot;)}ManagerImpl" reformat="true" live-template-enabled="false" />
        <template name="Kotlin Screen Package.kt.child.1.kt" file-name="${NAME}/${StringUtils.removeAndHump(${NAME}, &quot;_&quot;)}Model" reformat="true" live-template-enabled="false" />
        <template name="Kotlin Screen Package.kt.child.2.kt" file-name="${NAME}/${StringUtils.removeAndHump(${NAME}, &quot;_&quot;)}Module" reformat="true" live-template-enabled="false" />
        <template name="Kotlin Screen Package.kt.child.3.kt" file-name="${NAME}/${StringUtils.removeAndHump(${NAME}, &quot;_&quot;)}Contract" reformat="true" live-template-enabled="false" />
        <template name="Kotlin Screen Package.kt.child.4.kt" file-name="${NAME}/${StringUtils.removeAndHump(${NAME}, &quot;_&quot;)}Presenter" reformat="true" live-template-enabled="false" />
        <template name="Kotlin Screen Package.kt.child.5.kt" file-name="${NAME}/${StringUtils.removeAndHump(${NAME}, &quot;_&quot;)}Manager" reformat="true" live-template-enabled="false" />
      </template>
      <template name="Kotlin Screen Package.kt.child.0.kt" file-name="${NAME}/${StringUtils.removeAndHump(${NAME}, &quot;_&quot;)}ManagerImpl" reformat="true" live-template-enabled="false" />
      <template name="Kotlin Screen Package.kt.child.1.kt" file-name="${NAME}/${StringUtils.removeAndHump(${NAME}, &quot;_&quot;)}Model" reformat="true" live-template-enabled="false" />
      <template name="Kotlin Screen Package.kt.child.2.kt" file-name="${NAME}/${StringUtils.removeAndHump(${NAME}, &quot;_&quot;)}Module" reformat="true" live-template-enabled="false" />
      <template name="Kotlin Screen Package.kt.child.3.kt" file-name="${NAME}/${StringUtils.removeAndHump(${NAME}, &quot;_&quot;)}Contract" reformat="true" live-template-enabled="false" />
      <template name="Kotlin Screen Package.kt.child.4.kt" file-name="${NAME}/${StringUtils.removeAndHump(${NAME}, &quot;_&quot;)}Presenter" reformat="true" live-template-enabled="false" />
      <template name="Kotlin Screen Package.kt.child.5.kt" file-name="${NAME}/${StringUtils.removeAndHump(${NAME}, &quot;_&quot;)}Manager" reformat="true" live-template-enabled="false" />
      <template name="Kotlin View Package.kt" file-name="${NAME}/${StringUtils.removeAndHump(${NAME}, &quot;_&quot;)}" reformat="true" live-template-enabled="false">
        <template name="Kotlin View Package.kt.child.0.kt" file-name="${NAME}/${StringUtils.removeAndHump(${NAME}, &quot;_&quot;)}Presenter" reformat="true" live-template-enabled="false" />
        <template name="Kotlin View Package.kt.child.1.kt" file-name="${NAME}/${StringUtils.removeAndHump(${NAME}, &quot;_&quot;)}Contract" reformat="true" live-template-enabled="false" />
      </template>
      <template name="Kotlin View Package.kt.child.0.kt" file-name="${NAME}/${StringUtils.removeAndHump(${NAME}, &quot;_&quot;)}Presenter" reformat="true" live-template-enabled="false" />
      <template name="Kotlin View Package.kt.child.1.kt" file-name="${NAME}/${StringUtils.removeAndHump(${NAME}, &quot;_&quot;)}Contract" reformat="true" live-template-enabled="false" />
      <template name="Kotlin View Row Package.kt" file-name="${NAME}/${StringUtils.removeAndHump(${NAME}, &quot;_&quot;)}" reformat="true" live-template-enabled="false">
        <template name="Kotlin View Row Package.kt.child.0.kt" file-name="${NAME}/${StringUtils.removeAndHump(${NAME}, &quot;_&quot;)}Contract" reformat="true" live-template-enabled="false" />
        <template name="Kotlin View Row Package.kt.child.1.kt" file-name="${NAME}/${StringUtils.removeAndHump(${NAME}, &quot;_&quot;)}Presenter" reformat="true" live-template-enabled="false" />
        <template name="Kotlin View Row Package.kt.child.2.kt" file-name="${NAME}/${StringUtils.removeAndHump(${NAME}, &quot;_&quot;)}AdapterDelegate" reformat="true" live-template-enabled="false" />
        <template name="Kotlin View Row Package.kt.child.3.kt" file-name="${NAME}/${StringUtils.removeAndHump(${NAME}, &quot;_&quot;)}Model" reformat="true" live-template-enabled="false" />
      </template>
      <template name="Kotlin View Row Package.kt.child.0.kt" file-name="${NAME}/${StringUtils.removeAndHump(${NAME}, &quot;_&quot;)}Contract" reformat="true" live-template-enabled="false" />
      <template name="Kotlin View Row Package.kt.child.1.kt" file-name="${NAME}/${StringUtils.removeAndHump(${NAME}, &quot;_&quot;)}Presenter" reformat="true" live-template-enabled="false" />
      <template name="Kotlin View Row Package.kt.child.2.kt" file-name="${NAME}/${StringUtils.removeAndHump(${NAME}, &quot;_&quot;)}AdapterDelegate" reformat="true" live-template-enabled="false" />
      <template name="Kotlin View Row Package.kt.child.3.kt" file-name="${NAME}/${StringUtils.removeAndHump(${NAME}, &quot;_&quot;)}Model" reformat="true" live-template-enabled="false" />
    </default_templates>
  </component>
</application>